Id,type_of_attack
1,1
2,1
3,1
4,1
5,1
6,2
7,4
8,1
9,3
10,1
11,3
12,2
13,0
14,3
15,1
16,4
17,4
18,1
19,1
20,1
21,3
22,4
23,0
24,1
25,1
26,4
27,0
28,0
29,0
30,4
31,1
32,2
33,1
34,4
35,3
36,1
37,4
38,1
39,2
40,2
41,0
42,3
43,1
44,3
45,1
46,3
47,1
48,1
49,4
50,4
51,4
52,4
53,1
54,3
55,4
56,1
57,3
58,4
59,1
60,0
61,2
62,4
63,4
64,3
65,0
66,1
67,3
68,1
69,1
70,4
71,4
72,4
73,0
74,2
75,1
76,1
77,1
78,3
79,1
80,1
81,3
82,3
83,1
84,3
85,4
86,3
87,1
88,1
89,4
90,1
91,4
92,2
93,4
94,3
95,3
96,4
97,2
98,4
99,0
100,1
101,2
102,3
103,4
104,4
105,4
106,1
107,3
108,4
109,4
110,1
111,1
112,3
113,3
114,0
115,1
116,4
117,4
118,1
119,4
120,3
121,3
122,1
123,1
124,2
125,1
126,4
127,2
128,4
129,3
130,1
131,1
132,4
133,1
134,4
135,1
136,1
137,4
138,3
139,4
140,1
141,4
142,1
143,4
144,4
145,3
146,3
147,4
148,4
149,3
150,0
151,1
152,1
153,1
154,1
155,3
156,4
157,3
158,4
159,1
160,2
161,3
162,1
163,2
164,0
165,4
166,2
167,4
168,3
169,2
170,0
171,0
172,1
173,4
174,1
175,3
176,3
177,1
178,1
179,1
180,1
181,4
182,1
183,0
184,4
185,1
186,0
187,4
188,1
189,4
190,4
191,1
192,0
193,4
194,4
195,3
196,1
197,4
198,1
199,1
200,0
201,1
202,4
203,4
204,3
205,2
206,1
207,1
208,1
209,0
210,1
211,3
212,0
213,3
214,1
215,1
216,1
217,3
218,1
219,3
220,3
221,3
222,0
223,4
224,3
225,0
226,1
227,1
228,4
229,1
230,1
231,1
232,1
233,1
234,3
235,1
236,3
237,1
238,4
239,4
240,1
241,0
242,1
243,0
244,1
245,1
246,3
247,1
248,1
249,4
250,4
251,4
252,1
253,1
254,1
255,1
256,3
257,4
258,4
259,1
260,0
261,0
262,0
263,3
264,4
265,4
266,4
267,3
268,1
269,2
270,4
271,1
272,1
273,4
274,1
275,2
276,1
277,1
278,1
279,3
280,1
281,4
282,4
283,1
284,3
285,1
286,1
287,1
288,1
289,1
290,4
291,1
292,4
293,1
294,3
295,4
296,4
297,0
298,3
299,3
300,3
301,1
302,4
303,4
304,4
305,3
306,4
307,0
308,3
309,3
310,1
311,1
312,4
313,4
314,1
315,1
316,0
317,3
318,1
319,2
320,4
321,1
322,4
323,4
324,1
325,0
326,1
327,4
328,3
329,3
330,1
331,4
332,1
333,0
334,4
335,4
336,1
337,4
338,1
339,1
340,4
341,3
342,1
343,3
344,1
345,3
346,0
347,1
348,1
349,0
350,4
351,1
352,4
353,4
354,1
355,4
356,2
357,1
358,0
359,1
360,1
361,1
362,1
363,4
364,2
365,3
366,1
367,1
368,0
369,3
370,3
371,0
372,0
373,3
374,1
375,1
376,1
377,1
378,1
379,4
380,2
381,4
382,4
383,0
384,4
385,0
386,1
387,1
388,4
389,1
390,1
391,3
392,1
393,4
394,0
395,1
396,4
397,0
398,4
399,1
400,1
401,3
402,3
403,4
404,3
405,3
406,3
407,1
408,4
409,0
410,1
411,3
412,1
413,4
414,3
415,1
416,0
417,4
418,4
419,4
420,1
421,1
422,2
423,3
424,1
425,1
426,1
427,2
428,0
429,3
430,1
431,1
432,1
433,4
434,4
435,4
436,1
437,4
438,3
439,3
440,1
441,1
442,2
443,4
444,4
445,3
446,1
447,1
448,3
449,1
450,0
451,4
452,1
453,4
454,1
455,4
456,3
457,3
458,1
459,1
460,1
461,0
462,2
463,1
464,4
465,4
466,1
467,4
468,3
469,0
470,4
471,1
472,0
473,4
474,2
475,1
476,1
477,1
478,1
479,4
480,4
481,4
482,2
483,1
484,4
485,4
486,1
487,4
488,2
489,3
490,1
491,4
492,4
493,0
494,0
495,4
496,0
497,1
498,3
499,1
500,4
501,3
502,4
503,3
504,0
505,1
506,4
507,4
508,3
509,1
510,0
511,0
512,4
513,1
514,1
515,4
516,4
517,4
518,4
519,3
520,1
521,1
522,1
523,1
524,4
525,0
526,3
527,1
528,1
529,4
530,4
531,4
532,1
533,0
534,0
535,3
536,1
537,3
538,3
539,4
540,1
541,3
542,4
543,1
544,1
545,1
546,1
547,0
548,1
549,3
550,4
551,4
552,1
553,4
554,1
555,4
556,3
557,1
558,4
559,4
560,1
561,0
562,1
563,1
564,2
565,1
566,1
567,4
568,4
569,4
570,4
571,1
572,3
573,1
574,1
575,3
576,1
577,1
578,4
579,4
580,1
581,1
582,4
583,3
584,1
585,4
586,4
587,3
588,2
589,1
590,3
591,3
592,1
593,1
594,1
595,1
596,4
597,3
598,0
599,1
600,1
601,4
602,1
603,4
604,4
605,0
606,4
607,0
608,1
609,1
610,4
611,4
612,3
613,0
614,1
615,4
616,4
617,4
618,0
619,3
620,1
621,4
622,4
623,4
624,1
625,3
626,4
627,3
628,1
629,4
630,3
631,4
632,1
633,4
634,2
635,1
636,1
637,1
638,4
639,1
640,1
641,1
642,4
643,1
644,1
645,4
646,4
647,3
648,3
649,1
650,3
651,0
652,2
653,1
654,4
655,1
656,1
657,1
658,1
659,0
660,3
661,4
662,1
663,1
664,3
665,1
666,1
667,0
668,1
669,1
670,4
671,4
672,1
673,3
674,1
675,0
676,1
677,0
678,1
679,2
680,1
681,1
682,3
683,1
684,4
685,1
686,1
687,1
688,3
689,4
690,0
691,4
692,3
693,4
694,3
695,1
696,3
697,4
698,4
699,2
700,3
701,1
702,3
703,1
704,1
705,1
706,4
707,4
708,0
709,1
710,4
711,0
712,3
713,4
714,4
715,1
716,4
717,1
718,4
719,1
720,2
721,0
722,4
723,4
724,1
725,3
726,2
727,4
728,2
729,1
730,3
731,4
732,1
733,4
734,3
735,2
736,1
737,1
738,3
739,3
740,2
741,3
742,4
743,1
744,4
745,3
746,1
747,4
748,2
749,4
750,1
751,1
752,2
753,1
754,4
755,4
756,4
757,1
758,4
759,4
760,1
761,1
762,4
763,4
764,3
765,4
766,3
767,1
768,1
769,1
770,4
771,2
772,1
773,3
774,4
775,1
776,0
777,0
778,0
779,4
780,0
781,3
782,4
783,1
784,1
785,1
786,1
787,4
788,1
789,1
790,1
791,4
792,3
793,4
794,4
795,1
796,4
797,1
798,3
799,4
800,1
801,3
802,2
803,4
804,4
805,0
806,3
807,1
808,1
809,4
810,1
811,1
812,1
813,3
814,1
815,1
816,4
817,4
818,1
819,3
820,1
821,4
822,2
823,4
824,4
825,0
826,3
827,4
828,0
829,4
830,1
831,3
832,1
833,1
834,4
835,0
836,3
837,4
838,1
839,3
840,3
841,3
842,3
843,1
844,1
845,4
846,4
847,4
848,4
849,4
850,1
851,1
852,3
853,4
854,1
855,3
856,1
857,4
858,0
859,1
860,0
861,1
862,3
863,3
864,3
865,4
866,3
867,4
868,3
869,3
870,1
871,3
872,1
873,2
874,1
875,4
876,0
877,1
878,1
879,0
880,1
881,3
882,3
883,1
884,4
885,0
886,0
887,4
888,3
889,0
890,1
891,1
892,3
893,1
894,4
895,1
896,4
897,2
898,0
899,1
900,1
901,3
902,4
903,0
904,0
905,4
906,0
907,4
908,1
909,1
910,0
911,4
912,0
913,1
914,4
915,1
916,1
917,3
918,1
919,3
920,1
921,1
922,3
923,4
924,0
925,3
926,4
927,3
928,0
929,4
930,4
931,4
932,1
933,0
934,1
935,3
936,1
937,4
938,3
939,3
940,4
941,4
942,4
943,4
944,1
945,1
946,1
947,1
948,3
949,0
950,1
951,1
952,0
953,3
954,1
955,1
956,3
957,1
958,4
959,1
960,4
961,0
962,1
963,1
964,0
965,1
966,4
967,4
968,1
969,0
970,1
971,4
972,4
973,1
974,1
975,1
976,1
977,1
978,3
979,1
980,1
981,3
982,1
983,3
984,1
985,2
986,4
987,4
988,4
989,1
990,3
991,1
992,4
993,1
994,4
995,3
996,1
997,1
998,1
999,4
1000,2
1001,3
1002,4
1003,1
1004,0
1005,4
1006,1
1007,1
1008,1
1009,4
1010,1
1011,1
1012,0
1013,2
1014,4
1015,3
1016,4
1017,4
1018,3
1019,0
1020,0
1021,1
1022,4
1023,4
1024,1
1025,4
1026,3
1027,4
1028,1
1029,3
1030,1
1031,3
1032,0
1033,4
1034,1
1035,0
1036,0
1037,4
1038,0
1039,0
1040,3
1041,4
1042,1
1043,3
1044,3
1045,1
1046,0
1047,0
1048,1
1049,1
1050,1
1051,1
1052,0
1053,4
1054,4
1055,0
1056,1
1057,1
1058,1
1059,1
1060,1
1061,0
1062,3
1063,4
1064,1
1065,1
1066,2
1067,3
1068,3
1069,4
1070,3
1071,1
1072,3
1073,1
1074,1
1075,4
1076,0
1077,1
1078,4
1079,1
1080,4
1081,4
1082,3
1083,3
1084,2
1085,1
1086,1
1087,1
1088,3
1089,1
1090,1
1091,1
1092,4
1093,3
1094,1
1095,1
1096,1
1097,0
1098,1
1099,4
1100,4
1101,4
1102,1
1103,1
1104,4
1105,1
1106,4
1107,3
1108,2
1109,4
1110,4
1111,3
1112,4
1113,0
1114,3
1115,1
1116,0
1117,2
1118,1
1119,1
1120,1
1121,1
1122,3
1123,4
1124,1
1125,3
1126,1
1127,1
1128,2
1129,4
1130,1
1131,1
1132,4
1133,0
1134,1
1135,1
1136,3
1137,1
1138,1
1139,1
1140,4
1141,1
1142,1
1143,1
1144,0
1145,4
1146,4
1147,4
1148,3
1149,1
1150,1
1151,0
1152,4
1153,1
1154,4
1155,3
1156,4
1157,3
1158,4
1159,2
1160,1
1161,4
1162,1
1163,2
1164,1
1165,1
1166,1
1167,3
1168,2
1169,4
1170,1
1171,1
1172,1
1173,1
1174,3
1175,1
1176,3
1177,1
1178,0
1179,3
1180,3
1181,1
1182,1
1183,0
1184,1
1185,1
1186,0
1187,4
1188,4
1189,1
1190,0
1191,1
1192,3
1193,3
1194,0
1195,3
1196,3
1197,0
1198,1
1199,1
1200,1
1201,2
1202,1
1203,4
1204,4
1205,4
1206,1
1207,1
1208,1
1209,1
1210,1
1211,4
1212,1
1213,3
1214,2
1215,1
1216,0
1217,3
1218,3
1219,1
1220,3
1221,4
1222,3
1223,4
1224,4
1225,3
1226,1
1227,3
1228,1
1229,0
1230,3
1231,0
1232,4
1233,1
1234,1
1235,0
1236,4
1237,1
1238,0
1239,1
1240,1
1241,0
1242,1
1243,0
1244,4
1245,4
1246,4
1247,0
1248,1
1249,4
1250,3
1251,4
1252,4
1253,1
1254,1
1255,0
1256,4
1257,1
1258,1
1259,1
1260,1
1261,0
1262,4
1263,4
1264,3
1265,3
1266,2
1267,1
1268,1
1269,1
1270,3
1271,0
1272,1
1273,4
1274,2
1275,0
1276,4
1277,4
1278,1
1279,1
1280,4
1281,1
1282,1
1283,0
1284,2
1285,4
1286,1
1287,3
1288,1
1289,1
1290,4
1291,3
1292,1
1293,4
1294,1
1295,4
1296,1
1297,0
1298,4
1299,1
1300,3
1301,1
1302,1
1303,1
1304,1
1305,1
1306,1
1307,0
1308,2
1309,1
1310,4
1311,4
1312,1
1313,1
1314,1
1315,1
1316,4
1317,1
1318,4
1319,1
1320,1
1321,0
1322,4
1323,1
1324,3
1325,1
1326,1
1327,4
1328,1
1329,3
1330,3
1331,4
1332,4
1333,0
1334,1
1335,1
1336,4
1337,1
1338,4
1339,1
1340,3
1341,1
1342,1
1343,1
1344,1
1345,1
1346,3
1347,1
1348,4
1349,1
1350,4
1351,4
1352,4
1353,1
1354,4
1355,2
1356,4
1357,3
1358,1
1359,0
1360,1
1361,4
1362,1
1363,0
1364,1
1365,4
1366,3
1367,1
1368,0
1369,4
1370,1
1371,1
1372,4
1373,1
1374,2
1375,4
1376,3
1377,1
1378,2
1379,3
1380,1
1381,1
1382,1
1383,0
1384,4
1385,3
1386,4
1387,1
1388,0
1389,4
1390,1
1391,1
1392,3
1393,2
1394,1
1395,0
1396,0
1397,0
1398,3
1399,4
1400,3
1401,4
1402,1
1403,3
1404,1
1405,1
1406,3
1407,3
1408,4
1409,3
1410,0
1411,0
1412,4
1413,3
1414,4
1415,4
1416,4
1417,2
1418,0
1419,4
1420,1
1421,0
1422,1
1423,1
1424,1
1425,1
1426,3
1427,1
1428,3
1429,1
1430,4
1431,1
1432,1
1433,4
1434,3
1435,3
1436,0
1437,4
1438,4
1439,1
1440,4
1441,1
1442,1
1443,0
1444,4
1445,3
1446,4
1447,4
1448,1
1449,1
1450,1
1451,4
1452,4
1453,3
1454,0
1455,3
1456,1
1457,1
1458,1
1459,4
1460,0
1461,3
1462,4
1463,4
1464,1
1465,4
1466,2
1467,3
1468,4
1469,2
1470,1
1471,1
1472,1
1473,1
1474,1
1475,1
1476,3
1477,1
1478,4
1479,4
1480,1
1481,1
1482,4
1483,1
1484,4
1485,2
1486,1
1487,1
1488,1
1489,0
1490,2
1491,4
1492,4
1493,1
1494,1
1495,1
1496,4
1497,1
1498,1
1499,4
1500,4
1501,1
1502,1
1503,4
1504,4
1505,1
1506,3
1507,4
1508,2
1509,1
1510,1
1511,1
1512,4
1513,4
1514,3
1515,1
1516,0
1517,1
1518,4
1519,1
1520,4
1521,0
1522,0
1523,2
1524,0
1525,1
1526,4
1527,4
1528,0
1529,4
1530,4
1531,1
1532,1
1533,4
1534,1
1535,4
1536,4
1537,0
1538,3
1539,1
1540,1
1541,3
1542,0
1543,1
1544,4
1545,4
1546,4
1547,4
1548,1
1549,4
1550,1
1551,1
1552,1
1553,4
1554,3
1555,0
1556,3
1557,4
1558,1
1559,1
1560,3
1561,4
1562,1
1563,4
1564,1
1565,0
1566,1
1567,4
1568,4
1569,3
1570,4
1571,0
1572,1
1573,1
1574,3
1575,3
1576,1
1577,1
1578,1
1579,4
1580,4
1581,1
1582,0
1583,0
1584,1
1585,1
1586,3
1587,1
1588,1
1589,2
1590,4
1591,4
1592,3
1593,1
1594,2
1595,4
1596,0
1597,1
1598,1
1599,4
1600,3
1601,4
1602,1
1603,1
1604,4
1605,2
1606,1
1607,1
1608,3
1609,1
1610,4
1611,2
1612,4
1613,1
1614,1
1615,1
1616,4
1617,2
1618,1
1619,4
1620,4
1621,4
1622,3
1623,3
1624,3
1625,2
1626,1
1627,1
1628,3
1629,3
1630,4
1631,4
1632,1
1633,1
1634,4
1635,0
1636,4
1637,4
1638,1
1639,1
1640,1
1641,3
1642,1
1643,1
1644,4
1645,1
1646,1
1647,4
1648,0
1649,0
1650,4
1651,1
1652,3
1653,4
1654,3
1655,1
1656,1
1657,1
1658,4
1659,3
1660,3
1661,1
1662,3
1663,1
1664,1
1665,1
1666,1
1667,3
1668,2
1669,4
1670,1
1671,3
1672,1
1673,3
1674,3
1675,1
1676,4
1677,0
1678,2
1679,4
1680,4
1681,1
1682,1
1683,1
1684,1
1685,1
1686,2
1687,3
1688,3
1689,4
1690,1
1691,0
1692,1
1693,2
1694,4
1695,1
1696,1
1697,0
1698,4
1699,4
1700,1
1701,4
1702,3
1703,1
1704,3
1705,4
1706,1
1707,1
1708,3
1709,1
1710,4
1711,2
1712,3
1713,3
1714,4
1715,1
1716,0
1717,0
1718,3
1719,2
1720,3
1721,1
1722,4
1723,4
1724,4
1725,1
1726,0
1727,3
1728,1
1729,3
1730,4
1731,4
1732,1
1733,4
1734,4
1735,4
1736,3
1737,4
1738,3
1739,1
1740,4
1741,3
1742,4
1743,3
1744,4
1745,4
1746,4
1747,3
1748,1
1749,0
1750,3
1751,0
1752,0
1753,0
1754,4
1755,1
1756,1
1757,4
1758,3
1759,1
1760,4
1761,1
1762,4
1763,4
1764,4
1765,4
1766,1
1767,0
1768,1
1769,1
1770,1
1771,1
1772,1
1773,1
1774,1
1775,3
1776,4
1777,1
1778,1
1779,1
1780,3
1781,1
1782,1
1783,4
1784,4
1785,4
1786,4
1787,3
1788,1
1789,3
1790,3
1791,1
1792,0
1793,1
1794,1
1795,4
1796,4
1797,3
1798,4
1799,1
1800,1
1801,3
1802,1
1803,1
1804,1
1805,4
1806,3
1807,1
1808,4
1809,1
1810,4
1811,4
1812,1
1813,1
1814,4
1815,4
1816,1
1817,3
1818,1
1819,3
1820,1
1821,0
1822,2
1823,0
1824,1
1825,4
1826,1
1827,1
1828,4
1829,3
1830,4
1831,4
1832,1
1833,3
1834,4
1835,4
1836,1
1837,4
1838,3
1839,4
1840,3
1841,1
1842,1
1843,1
1844,1
1845,4
1846,1
1847,4
1848,4
1849,4
1850,3
1851,3
1852,1
1853,1
1854,1
1855,2
1856,1
1857,4
1858,3
1859,4
1860,4
1861,1
1862,0
1863,4
1864,4
1865,1
1866,4
1867,4
1868,3
1869,1
1870,1
1871,4
1872,3
1873,1
1874,1
1875,3
1876,4
1877,1
1878,0
1879,3
1880,1
1881,3
1882,1
1883,1
1884,1
1885,2
1886,4
1887,4
1888,4
1889,1
1890,4
1891,4
1892,3
1893,1
1894,1
1895,1
1896,0
1897,3
1898,1
1899,0
1900,3
1901,4
1902,1
1903,1
1904,1
1905,4
1906,3
1907,1
1908,2
1909,4
1910,3
1911,1
1912,3
1913,4
1914,4
1915,3
1916,1
1917,1
1918,1
1919,3
1920,1
1921,0
1922,4
1923,4
1924,3
1925,3
1926,1
1927,4
1928,4
1929,0
1930,3
1931,4
1932,2
1933,4
1934,4
1935,1
1936,1
1937,2
1938,3
1939,4
1940,1
1941,0
1942,4
1943,4
1944,4
1945,1
1946,1
1947,1
1948,1
1949,4
1950,0
1951,3
1952,1
1953,1
1954,3
1955,1
1956,1
1957,3
1958,1
1959,1
1960,1
1961,0
1962,3
1963,4
1964,0
1965,3
1966,4
1967,3
1968,2
1969,0
1970,4
1971,4
1972,3
1973,0
1974,0
1975,4
1976,1
1977,3
1978,4
1979,1
1980,2
1981,4
1982,1
1983,1
1984,0
1985,1
1986,0
1987,0
1988,4
1989,4
1990,3
1991,1
1992,1
1993,1
1994,1
1995,3
1996,3
1997,1
1998,4
1999,1
2000,0
2001,1
2002,4
2003,4
2004,1
2005,4
2006,1
2007,1
2008,1
2009,4
2010,1
2011,1
2012,0
2013,4
2014,0
2015,0
2016,4
2017,3
2018,2
2019,0
2020,1
2021,1
2022,3
2023,1
2024,1
2025,1
2026,3
2027,1
2028,4
2029,1
2030,1
2031,1
2032,1
2033,1
2034,4
2035,1
2036,2
2037,4
2038,3
2039,0
2040,1
2041,4
2042,1
2043,0
2044,4
2045,4
2046,3
2047,1
2048,1
2049,1
2050,3
2051,3
2052,2
2053,4
2054,4
2055,4
2056,3
2057,1
2058,1
2059,1
2060,1
2061,0
2062,1
2063,4
2064,1
2065,4
2066,4
2067,1
2068,4
2069,1
2070,1
2071,3
2072,1
2073,4
2074,4
2075,4
2076,1
2077,1
2078,3
2079,4
2080,0
2081,1
2082,4
2083,4
2084,3
2085,1
2086,1
2087,1
2088,0
2089,0
2090,4
2091,1
2092,4
2093,4
2094,1
2095,0
2096,0
2097,4
2098,1
2099,1
2100,4
2101,1
2102,1
2103,1
2104,1
2105,3
2106,1
2107,0
2108,4
2109,1
2110,1
2111,1
2112,1
2113,1
2114,1
2115,1
2116,4
2117,1
2118,2
2119,1
2120,4
2121,1
2122,1
2123,1
2124,1
2125,4
2126,3
2127,1
2128,4
2129,4
2130,4
2131,1
2132,4
2133,1
2134,0
2135,1
2136,4
2137,4
2138,1
2139,1
2140,0
2141,4
2142,1
2143,1
2144,1
2145,1
2146,3
2147,0
2148,1
2149,1
2150,3
2151,1
2152,1
2153,0
2154,3
2155,0
2156,1
2157,1
2158,1
2159,3
2160,4
2161,4
2162,4
2163,0
2164,1
2165,3
2166,1
2167,1
2168,1
2169,1
2170,4
2171,0
2172,1
2173,1
2174,4
2175,4
2176,1
2177,1
2178,3
2179,4
2180,4
2181,1
2182,4
2183,1
2184,1
2185,1
2186,4
2187,1
2188,3
2189,1
2190,1
2191,1
2192,1
2193,4
2194,1
2195,1
2196,3
2197,0
2198,4
2199,1
2200,1
2201,4
2202,1
2203,1
2204,1
2205,1
2206,1
2207,1
2208,1
2209,0
2210,3
2211,2
2212,1
2213,1
2214,4
2215,4
2216,3
2217,1
2218,3
2219,1
2220,3
2221,3
2222,1
2223,4
2224,2
2225,1
2226,4
2227,3
2228,0
2229,0
2230,1
2231,1
2232,1
2233,1
2234,4
2235,0
2236,0
2237,0
2238,1
2239,3
2240,0
2241,3
2242,0
2243,1
2244,4
2245,4
2246,1
2247,0
2248,1
2249,1
2250,0
2251,1
2252,4
2253,1
2254,1
2255,1
2256,3
2257,4
2258,1
2259,3
2260,4
2261,2
2262,3
2263,4
2264,4
2265,1
2266,0
2267,0
2268,3
2269,3
2270,4
2271,1
2272,4
2273,0
2274,1
2275,4
2276,1
2277,1
2278,1
2279,4
2280,4
2281,4
2282,4
2283,4
2284,4
2285,1
2286,4
2287,1
2288,0
2289,4
2290,4
2291,0
2292,4
2293,1
2294,4
2295,4
2296,4
2297,1
2298,4
2299,4
2300,1
2301,4
2302,3
2303,1
2304,1
2305,0
2306,1
2307,1
2308,1
2309,1
2310,0
2311,4
2312,1
2313,3
2314,1
2315,4
2316,3
2317,1
2318,0
2319,1
2320,1
2321,4
2322,4
2323,2
2324,4
2325,4
2326,4
2327,4
2328,4
2329,1
2330,1
2331,4
2332,3
2333,4
2334,1
2335,1
2336,0
2337,0
2338,4
2339,1
2340,4
2341,4
2342,0
2343,4
2344,4
2345,4
2346,4
2347,4
2348,2
2349,1
2350,4
2351,4
2352,4
2353,1
2354,1
2355,1
2356,1
2357,3
2358,4
2359,4
2360,4
2361,1
2362,1
2363,4
2364,1
2365,1
2366,2
2367,4
2368,3
2369,0
2370,4
2371,4
2372,1
2373,4
2374,1
2375,1
2376,3
2377,0
2378,2
2379,1
2380,4
2381,3
2382,0
2383,1
2384,3
2385,1
2386,3
2387,4
2388,1
2389,4
2390,4
2391,4
2392,1
2393,1
2394,4
2395,1
2396,2
2397,1
2398,1
2399,0
2400,1
2401,3
2402,4
2403,4
2404,4
2405,1
2406,4
2407,1
2408,2
2409,1
2410,1
2411,2
2412,1
2413,1
2414,0
2415,4
2416,3
2417,3
2418,4
2419,3
2420,1
2421,4
2422,1
2423,3
2424,4
2425,3
2426,1
2427,4
2428,4
2429,0
2430,0
2431,4
2432,3
2433,2
2434,3
2435,4
2436,4
2437,3
2438,1
2439,1
2440,3
2441,0
2442,1
2443,4
2444,4
2445,0
2446,1
2447,4
2448,1
2449,0
2450,4
2451,0
2452,1
2453,1
2454,1
2455,2
2456,4
2457,1
2458,4
2459,4
2460,0
2461,4
2462,3
2463,4
2464,4
2465,4
2466,4
2467,3
2468,0
2469,1
2470,4
2471,1
2472,0
2473,3
2474,1
2475,1
2476,3
2477,4
2478,1
2479,4
2480,4
2481,4
2482,4
2483,2
2484,4
2485,4
2486,3
2487,3
2488,3
2489,1
2490,1
2491,3
2492,1
2493,1
2494,4
2495,4
2496,1
2497,1
2498,1
2499,1
2500,2
2501,4
2502,3
2503,0
2504,1
2505,4
2506,4
2507,0
2508,3
2509,1
2510,1
2511,1
2512,3
2513,1
2514,1
2515,0
2516,1
2517,4
2518,3
2519,0
2520,1
2521,1
2522,1
2523,4
2524,4
2525,3
2526,1
2527,1
2528,4
2529,1
2530,1
2531,1
2532,1
2533,1
2534,4
2535,1
2536,2
2537,1
2538,0
2539,1
2540,0
2541,3
2542,1
2543,4
2544,4
2545,4
2546,1
2547,0
2548,4
2549,3
2550,4
2551,1
2552,1
2553,1
2554,1
2555,4
2556,1
2557,1
2558,1
2559,3
2560,3
2561,3
2562,1
2563,1
2564,1
2565,4
2566,1
2567,1
2568,3
2569,1
2570,1
2571,1
2572,1
2573,1
2574,3
2575,3
2576,2
2577,1
2578,1
2579,1
2580,0
2581,1
2582,1
2583,4
2584,0
2585,0
2586,0
2587,3
2588,3
2589,0
2590,1
2591,1
2592,1
2593,2
2594,4
2595,1
2596,1
2597,4
2598,3
2599,4
2600,0
2601,4
2602,1
2603,1
2604,3
2605,4
2606,1
2607,4
2608,1
2609,1
2610,1
2611,1
2612,1
2613,1
2614,0
2615,2
2616,1
2617,4
2618,3
2619,0
2620,3
2621,1
2622,1
2623,1
2624,4
2625,3
2626,1
2627,1
2628,1
2629,2
2630,1
2631,1
2632,0
2633,4
2634,1
2635,3
2636,1
2637,1
2638,1
2639,3
2640,4
2641,1
2642,4
2643,1
2644,0
2645,4
2646,4
2647,4
2648,1
2649,4
2650,4
2651,4
2652,4
2653,4
2654,0
2655,4
2656,4
2657,1
2658,3
2659,1
2660,1
2661,4
2662,3
2663,1
2664,1
2665,1
2666,0
2667,1
2668,4
2669,3
2670,3
2671,1
2672,3
2673,1
2674,0
2675,1
2676,1
2677,3
2678,4
2679,4
2680,3
2681,1
2682,4
2683,1
2684,4
2685,4
2686,4
2687,4
2688,3
2689,1
2690,1
2691,1
2692,1
2693,4
2694,1
2695,4
2696,2
2697,2
2698,4
2699,0
2700,4
2701,1
2702,4
2703,0
2704,3
2705,1
2706,3
2707,2
2708,1
2709,4
2710,0
2711,0
2712,3
2713,1
2714,4
2715,4
2716,4
2717,1
2718,0
2719,0
2720,4
2721,4
2722,3
2723,4
2724,1
2725,1
2726,1
2727,1
2728,0
2729,3
2730,1
2731,1
2732,4
2733,4
2734,3
2735,1
2736,0
2737,1
2738,1
2739,1
2740,4
2741,0
2742,1
2743,4
2744,0
2745,4
2746,1
2747,4
2748,1
2749,4
2750,0
2751,1
2752,4
2753,1
2754,1
2755,1
2756,1
2757,4
2758,4
2759,3
2760,3
2761,1
2762,1
2763,2
2764,0
2765,4
2766,3
2767,1
2768,4
2769,1
2770,0
2771,1
2772,4
2773,1
2774,1
2775,1
2776,2
2777,1
2778,4
2779,1
2780,2
2781,0
2782,0
2783,1
2784,1
2785,1
2786,0
2787,1
2788,0
2789,4
2790,1
2791,4
2792,3
2793,4
2794,4
2795,4
2796,3
2797,4
2798,4
2799,4
2800,1
2801,1
2802,4
2803,3
2804,0
2805,1
2806,4
2807,3
2808,4
2809,1
2810,3
2811,1
2812,1
2813,4
2814,1
2815,4
2816,4
2817,2
2818,3
2819,0
2820,1
2821,4
2822,4
2823,4
2824,3
2825,0
2826,4
2827,3
2828,1
2829,1
2830,4
2831,1
2832,1
2833,1
2834,1
2835,4
2836,1
2837,1
2838,3
2839,1
2840,4
2841,4
2842,1
2843,4
2844,0
2845,0
2846,3
2847,1
2848,4
2849,1
2850,1
2851,1
2852,1
2853,1
2854,1
2855,3
2856,4
2857,1
2858,1
2859,4
2860,3
2861,1
2862,3
2863,2
2864,4
2865,1
2866,1
2867,1
2868,1
2869,4
2870,0
2871,1
2872,1
2873,1
2874,0
2875,1
2876,1
2877,3
2878,1
2879,3
2880,1
2881,3
2882,4
2883,3
2884,4
2885,4
2886,4
2887,0
2888,1
2889,4
2890,4
2891,1
2892,1
2893,1
2894,4
2895,4
2896,3
2897,1
2898,4
2899,1
2900,1
2901,4
2902,1
2903,3
2904,0
2905,4
2906,1
2907,1
2908,1
2909,1
2910,1
2911,1
2912,0
2913,1
2914,1
2915,1
2916,1
2917,1
2918,4
2919,1
2920,0
2921,1
2922,4
2923,1
2924,1
2925,1
2926,1
2927,1
2928,1
2929,3
2930,1
2931,4
2932,1
2933,1
2934,4
2935,0
2936,1
2937,2
2938,1
2939,3
2940,1
2941,1
2942,1
2943,1
2944,1
2945,4
2946,1
2947,3
2948,1
2949,4
2950,2
2951,3
2952,4
2953,4
2954,1
2955,1
2956,4
2957,1
2958,3
2959,3
2960,0
2961,0
2962,0
2963,3
2964,4
2965,4
2966,4
2967,4
2968,1
2969,1
2970,4
2971,3
2972,0
2973,1
2974,3
2975,4
2976,4
2977,1
2978,1
2979,4
2980,1
2981,3
2982,1
2983,3
2984,1
2985,0
2986,4
2987,1
2988,4
2989,3
2990,1
2991,1
2992,1
2993,2
2994,1
2995,1
2996,1
2997,1
2998,4
2999,0
3000,3
3001,0
3002,0
3003,4
3004,1
3005,2
3006,0
3007,0
3008,4
3009,3
3010,1
3011,0
3012,1
3013,4
3014,3
3015,1
3016,4
3017,4
3018,1
3019,4
3020,3
3021,3
3022,4
3023,4
3024,1
3025,1
3026,1
3027,1
3028,0
3029,3
3030,1
3031,4
3032,1
3033,4
3034,4
3035,1
3036,4
3037,3
3038,4
3039,4
3040,0
3041,1
3042,1
3043,4
3044,4
3045,1
3046,4
3047,1
3048,1
3049,4
3050,3
3051,4
3052,4
3053,1
3054,4
3055,1
3056,3
3057,1
3058,1
3059,4
3060,0
3061,3
3062,0
3063,4
3064,1
3065,4
3066,4
3067,4
3068,1
3069,4
3070,3
3071,1
3072,1
3073,3
3074,1
3075,1
3076,1
3077,4
3078,2
3079,4
3080,3
3081,4
3082,3
3083,1
3084,1
3085,1
3086,0
3087,1
3088,3
3089,1
3090,1
3091,1
3092,1
3093,1
3094,1
3095,1
3096,4
3097,2
3098,0
3099,3
3100,1
3101,1
3102,0
3103,4
3104,1
3105,0
3106,4
3107,4
3108,1
3109,1
3110,4
3111,3
3112,4
3113,3
3114,0
3115,3
3116,1
3117,4
3118,4
3119,0
3120,4
3121,0
3122,1
3123,3
3124,1
3125,1
3126,1
3127,3
3128,4
3129,4
3130,1
3131,1
3132,1
3133,1
3134,1
3135,4
3136,4
3137,4
3138,4
3139,0
3140,1
3141,4
3142,1
3143,3
3144,3
3145,1
3146,4
3147,3
3148,4
3149,3
3150,2
3151,1
3152,1
3153,4
3154,1
3155,3
3156,1
3157,0
3158,1
3159,1
3160,1
3161,0
3162,3
3163,1
3164,1
3165,4
3166,1
3167,2
3168,1
3169,1
3170,4
3171,3
3172,0
3173,4
3174,4
3175,3
3176,4
3177,1
3178,1
3179,1
3180,1
3181,4
3182,0
3183,3
3184,4
3185,4
3186,1
3187,0
3188,4
3189,0
3190,0
3191,4
3192,3
3193,1
3194,4
3195,0
3196,1
3197,1
3198,2
3199,3
3200,0
3201,1
3202,4
3203,0
3204,4
3205,1
3206,1
3207,3
3208,2
3209,3
3210,1
3211,1
3212,1
3213,3
3214,4
3215,1
3216,4
3217,1
3218,1
3219,3
3220,0
3221,4
3222,1
3223,3
3224,1
3225,4
3226,2
3227,3
3228,4
3229,1
3230,1
3231,3
3232,4
3233,0
3234,1
3235,4
3236,1
3237,1
3238,4
3239,1
3240,1
3241,0
3242,4
3243,1
3244,0
3245,0
3246,4
3247,1
3248,3
3249,4
3250,1
3251,4
3252,2
3253,1
3254,4
3255,4
3256,2
3257,4
3258,3
3259,3
3260,0
3261,1
3262,2
3263,4
3264,4
3265,1
3266,1
3267,1
3268,1
3269,1
3270,1
3271,4
3272,3
3273,4
3274,3
3275,0
3276,1
3277,4
3278,1
3279,1
3280,4
3281,1
3282,0
3283,1
3284,1
3285,4
3286,1
3287,1
3288,4
3289,2
3290,3
3291,4
3292,1
3293,1
3294,1
3295,4
3296,1
3297,0
3298,1
3299,1
3300,0
3301,0
3302,4
3303,4
3304,4
3305,1
3306,3
3307,0
3308,1
3309,1
3310,1
3311,3
3312,4
3313,4
3314,3
3315,0
3316,1
3317,4
3318,4
3319,4
3320,1
3321,1
3322,3
3323,3
3324,4
3325,4
3326,3
3327,0
3328,3
3329,4
3330,1
3331,4
3332,1
3333,1
3334,1
3335,4
3336,1
3337,1
3338,1
3339,4
3340,0
3341,1
3342,1
3343,1
3344,4
3345,3
3346,0
3347,1
3348,1
3349,1
3350,1
3351,1
3352,3
3353,1
3354,1
3355,0
3356,1
3357,4
3358,1
3359,1
3360,4
3361,0
3362,1
3363,4
3364,4
3365,1
3366,1
3367,1
3368,1
3369,0
3370,3
3371,4
3372,1
3373,4
3374,1
3375,3
3376,4
3377,1
3378,4
3379,4
3380,3
3381,3
3382,1
3383,1
3384,4
3385,4
3386,1
3387,1
3388,0
3389,1
3390,3
3391,2
3392,1
3393,0
3394,1
3395,3
3396,1
3397,4
3398,0
3399,1
3400,2
3401,1
3402,0
3403,4
3404,3
3405,4
3406,4
3407,4
3408,4
3409,0
3410,1
3411,4
3412,1
3413,4
3414,4
3415,0
3416,1
3417,2
3418,0
3419,1
3420,2
3421,1
3422,1
3423,1
3424,1
3425,2
3426,3
3427,1
3428,3
3429,1
3430,0
3431,4
3432,1
3433,3
3434,1
3435,2
3436,1
3437,1
3438,4
3439,4
3440,2
3441,4
3442,1
3443,4
3444,1
3445,4
3446,1
3447,1
3448,3
3449,1
3450,1
3451,1
3452,0
3453,3
3454,1
3455,3
3456,3
3457,0
3458,4
3459,4
3460,3
3461,3
3462,4
3463,4
3464,1
3465,0
3466,4
3467,3
3468,4
3469,1
3470,4
3471,1
3472,3
3473,1
3474,4
3475,1
3476,0
3477,4
3478,4
3479,4
3480,0
3481,4
3482,0
3483,1
3484,0
3485,3
3486,3
3487,1
3488,1
3489,1
3490,1
3491,4
3492,4
3493,0
3494,2
3495,4
3496,1
3497,1
3498,0
3499,1
3500,1
3501,4
3502,0
3503,4
3504,1
3505,4
3506,0
3507,1
3508,1
3509,3
3510,0
3511,4
3512,4
3513,4
3514,1
3515,4
3516,4
3517,0
3518,4
3519,0
3520,1
3521,4
3522,0
3523,4
3524,1
3525,4
3526,4
3527,4
3528,2
3529,3
3530,1
3531,2
3532,4
3533,4
3534,0
3535,1
3536,4
3537,1
3538,1
3539,1
3540,4
3541,1
3542,3
3543,1
3544,1
3545,1
3546,4
3547,1
3548,1
3549,4
3550,1
3551,2
3552,4
3553,3
3554,0
3555,2
3556,2
3557,4
3558,1
3559,1
3560,1
3561,0
3562,4
3563,1
3564,0
3565,1
3566,3
3567,4
3568,1
3569,1
3570,1
3571,4
3572,3
3573,0
3574,3
3575,1
3576,1
3577,1
3578,3
3579,1
3580,1
3581,0
3582,1
3583,1
3584,0
3585,0
3586,1
3587,3
3588,1
3589,1
3590,3
3591,3
3592,1
3593,1
3594,3
3595,4
3596,4
3597,4
3598,0
3599,1
3600,1
3601,0
3602,4
3603,0
3604,0
3605,1
3606,4
3607,2
3608,3
3609,3
3610,3
3611,1
3612,4
3613,4
3614,1
3615,2
3616,4
3617,1
3618,3
3619,1
3620,2
3621,3
3622,0
3623,3
3624,0
3625,3
3626,4
3627,2
3628,3
3629,4
3630,4
3631,4
3632,1
3633,1
3634,1
3635,1
3636,3
3637,1
3638,1
3639,1
3640,4
3641,4
3642,4
3643,1
3644,3
3645,4
3646,2
3647,1
3648,1
3649,0
3650,1
3651,1
3652,3
3653,4
3654,3
3655,1
3656,0
3657,2
3658,1
3659,4
3660,1
3661,4
3662,1
3663,4
3664,4
3665,3
3666,3
3667,0
3668,3
3669,3
3670,0
3671,1
3672,1
3673,3
3674,3
3675,4
3676,1
3677,0
3678,1
3679,1
3680,1
3681,4
3682,1
3683,4
3684,1
3685,4
3686,4
3687,4
3688,0
3689,4
3690,1
3691,1
3692,1
3693,1
3694,4
3695,4
3696,1
3697,3
3698,3
3699,4
3700,4
3701,4
3702,0
3703,0
3704,4
3705,1
3706,3
3707,1
3708,0
3709,3
3710,1
3711,1
3712,4
3713,1
3714,1
3715,3
3716,3
3717,4
3718,4
3719,1
3720,4
3721,3
3722,0
3723,0
3724,1
3725,1
3726,3
3727,0
3728,1
3729,4
3730,4
3731,1
3732,3
3733,1
3734,3
3735,4
3736,1
3737,0
3738,3
3739,1
3740,1
3741,1
3742,4
3743,1
3744,1
3745,2
3746,1
3747,3
3748,4
3749,4
3750,1
3751,4
3752,2
3753,4
3754,4
3755,1
3756,4
3757,4
3758,1
3759,1
3760,4
3761,3
3762,1
3763,4
3764,1
3765,1
3766,1
3767,4
3768,4
3769,4
3770,4
3771,4
3772,2
3773,1
3774,1
3775,1
3776,3
3777,1
3778,4
3779,2
3780,4
3781,4
3782,3
3783,1
3784,1
3785,4
3786,3
3787,3
3788,1
3789,4
3790,0
3791,4
3792,4
3793,1
3794,3
3795,1
3796,3
3797,4
3798,1
3799,1
3800,0
3801,4
3802,4
3803,4
3804,1
3805,0
3806,3
3807,1
3808,2
3809,3
3810,1
3811,2
3812,0
3813,1
3814,0
3815,3
3816,1
3817,4
3818,1
3819,1
3820,3
3821,3
3822,1
3823,1
3824,4
3825,1
3826,4
3827,3
3828,0
3829,4
3830,0
3831,1
3832,3
3833,0
3834,1
3835,4
3836,1
3837,2
3838,1
3839,1
3840,0
3841,1
3842,3
3843,4
3844,1
3845,4
3846,1
3847,1
3848,3
3849,4
3850,1
3851,1
3852,1
3853,0
3854,0
3855,1
3856,1
3857,1
3858,1
3859,3
3860,3
3861,1
3862,4
3863,4
3864,1
3865,1
3866,3
3867,1
3868,4
3869,1
3870,1
3871,1
3872,1
3873,1
3874,1
3875,4
3876,1
3877,0
3878,4
3879,4
3880,4
3881,1
3882,4
3883,4
3884,0
3885,0
3886,1
3887,1
3888,3
3889,4
3890,3
3891,2
3892,1
3893,4
3894,3
3895,3
3896,4
3897,1
3898,3
3899,4
3900,1
3901,3
3902,3
3903,3
3904,3
3905,4
3906,4
3907,0
3908,3
3909,4
3910,4
3911,1
3912,1
3913,1
3914,1
3915,1
3916,1
3917,1
3918,1
3919,1
3920,4
3921,3
3922,0
3923,3
3924,1
3925,4
3926,4
3927,4
3928,0
3929,3
3930,0
3931,4
3932,4
3933,4
3934,1
3935,4
3936,1
3937,4
3938,0
3939,3
3940,1
3941,4
3942,1
3943,1
3944,4
3945,3
3946,1
3947,4
3948,4
3949,1
3950,1
3951,1
3952,4
3953,4
3954,1
3955,4
3956,3
3957,2
3958,1
3959,3
3960,3
3961,0
3962,3
3963,1
3964,1
3965,1
3966,3
3967,4
3968,1
3969,4
3970,4
3971,1
3972,4
3973,3
3974,2
3975,1
3976,4
3977,1
3978,1
3979,0
3980,1
3981,1
3982,3
3983,4
3984,1
3985,4
3986,2
3987,4
3988,1
3989,2
3990,4
3991,1
3992,1
3993,4
3994,3
3995,4
3996,1
3997,4
3998,1
3999,0
4000,4
4001,4
4002,4
4003,1
4004,4
4005,1
4006,4
4007,3
4008,3
4009,3
4010,4
4011,2
4012,1
4013,4
4014,1
4015,4
4016,1
4017,0
4018,3
4019,1
4020,0
4021,3
4022,4
4023,4
4024,1
4025,4
4026,3
4027,4
4028,1
4029,1
4030,3
4031,1
4032,4
4033,4
4034,3
4035,1
4036,1
4037,3
4038,2
4039,0
4040,0
4041,2
4042,1
4043,4
4044,0
4045,1
4046,0
4047,4
4048,4
4049,0
4050,1
4051,4
4052,4
4053,1
4054,1
4055,1
4056,4
4057,1
4058,1
4059,0
4060,4
4061,1
4062,1
4063,4
4064,1
4065,4
4066,4
4067,3
4068,1
4069,4
4070,0
4071,4
4072,3
4073,1
4074,0
4075,0
4076,1
4077,3
4078,0
4079,0
4080,1
4081,0
4082,1
4083,1
4084,4
4085,1
4086,4
4087,0
4088,0
4089,3
4090,1
4091,0
4092,1
4093,4
4094,3
4095,1
4096,4
4097,1
4098,1
4099,1
4100,0
4101,2
4102,1
4103,1
4104,1
4105,1
4106,4
4107,0
4108,3
4109,4
4110,1
4111,1
4112,0
4113,4
4114,4
4115,1
4116,3
4117,3
4118,4
4119,0
4120,1
4121,3
4122,0
4123,1
4124,3
4125,0
4126,1
4127,0
4128,1
4129,1
4130,1
4131,0
4132,4
4133,0
4134,1
4135,4
4136,4
4137,4
4138,3
4139,1
4140,3
4141,1
4142,4
4143,4
4144,1
4145,4
4146,1
4147,4
4148,0
4149,1
4150,2
4151,4
4152,1
4153,4
4154,1
4155,1
4156,1
4157,1
4158,3
4159,1
4160,1
4161,3
4162,3
4163,0
4164,0
4165,4
4166,4
4167,1
4168,1
4169,4
4170,0
4171,3
4172,4
4173,3
4174,1
4175,1
4176,1
4177,4
4178,4
4179,3
4180,1
4181,3
4182,2
4183,0
4184,3
4185,3
4186,3
4187,4
4188,3
4189,1
4190,4
4191,0
4192,0
4193,3
4194,1
4195,4
4196,4
4197,3
4198,1
4199,0
4200,1
4201,1
4202,0
4203,1
4204,0
4205,4
4206,1
4207,1
4208,1
4209,3
4210,1
4211,4
4212,4
4213,1
4214,3
4215,0
4216,3
4217,1
4218,1
4219,1
4220,1
4221,3
4222,3
4223,3
4224,3
4225,3
4226,4
4227,1
4228,1
4229,4
4230,4
4231,4
4232,0
4233,4
4234,4
4235,1
4236,3
4237,1
4238,1
4239,3
4240,1
4241,1
4242,4
4243,3
4244,1
4245,1
4246,1
4247,3
4248,1
4249,1
4250,4
4251,1
4252,1
4253,1
4254,2
4255,4
4256,3
4257,3
4258,2
4259,1
4260,1
4261,1
4262,1
4263,1
4264,3
4265,1
4266,3
4267,1
4268,1
4269,4
4270,3
4271,1
4272,3
4273,3
4274,2
4275,1
4276,0
4277,4
4278,3
4279,3
4280,1
4281,1
4282,3
4283,1
4284,1
4285,4
4286,3
4287,1
4288,1
4289,1
4290,1
4291,1
4292,2
4293,1
4294,1
4295,4
4296,4
4297,1
4298,1
4299,4
4300,1
4301,1
4302,1
4303,1
4304,3
4305,0
4306,4
4307,2
4308,4
4309,1
4310,4
4311,0
4312,0
4313,0
4314,3
4315,4
4316,1
4317,1
4318,1
4319,0
4320,2
4321,1
4322,1
4323,4
4324,0
4325,4
4326,3
4327,3
4328,4
4329,4
4330,0
4331,4
4332,1
4333,4
4334,4
4335,4
4336,2
4337,3
4338,2
4339,1
4340,1
4341,1
4342,1
4343,3
4344,1
4345,3
4346,4
4347,4
4348,3
4349,1
4350,2
4351,4
4352,1
4353,4
4354,4
4355,3
4356,1
4357,4
4358,3
4359,2
4360,1
4361,1
4362,3
4363,3
4364,1
4365,1
4366,4
4367,4
4368,1
4369,0
4370,3
4371,1
4372,4
4373,0
4374,2
4375,3
4376,1
4377,1
4378,4
4379,1
4380,4
4381,0
4382,1
4383,3
4384,4
4385,2
4386,3
4387,2
4388,1
4389,4
4390,1
4391,1
4392,4
4393,1
4394,4
4395,0
4396,1
4397,3
4398,2
4399,4
4400,1
4401,3
4402,4
4403,4
4404,4
4405,1
4406,1
4407,4
4408,1
4409,0
4410,1
4411,1
4412,1
4413,3
4414,4
4415,1
4416,1
4417,4
4418,1
4419,3
4420,1
4421,4
4422,1
4423,4
4424,3
4425,2
4426,4
4427,3
4428,3
4429,4
4430,1
4431,4
4432,1
4433,1
4434,1
4435,4
4436,3
4437,3
4438,3
4439,0
4440,1
4441,2
4442,0
4443,1
4444,0
4445,1
4446,1
4447,0
4448,1
4449,2
4450,1
4451,2
4452,1
4453,4
4454,2
4455,2
4456,4
4457,3
4458,4
4459,3
4460,1
4461,1
4462,3
4463,1
4464,1
4465,3
4466,4
4467,4
4468,4
4469,4
4470,3
4471,4
4472,1
4473,3
4474,1
4475,3
4476,1
4477,1
4478,1
4479,1
4480,1
4481,4
4482,1
4483,3
4484,0
4485,3
4486,0
4487,1
4488,1
4489,4
4490,4
4491,1
4492,4
4493,3
4494,3
4495,4
4496,4
4497,0
4498,3
4499,0
4500,4
4501,4
4502,3
4503,4
4504,1
4505,1
4506,1
4507,1
4508,1
4509,1
4510,1
4511,3
4512,1
4513,3
4514,1
4515,4
4516,4
4517,1
4518,0
4519,1
4520,4
4521,4
4522,4
4523,4
4524,1
4525,4
4526,1
4527,1
4528,1
4529,4
4530,4
4531,4
4532,3
4533,3
4534,1
4535,4
4536,1
4537,1
4538,4
4539,4
4540,1
4541,4
4542,1
4543,4
4544,1
4545,4
4546,4
4547,1
4548,4
4549,3
4550,1
4551,3
4552,1
4553,1
4554,3
4555,3
4556,1
4557,4
4558,0
4559,1
4560,4
4561,0
4562,4
4563,0
4564,4
4565,1
4566,1
4567,1
4568,4
4569,3
4570,1
4571,3
4572,3
4573,3
4574,4
4575,3
4576,4
4577,1
4578,1
4579,4
4580,3
4581,1
4582,1
4583,4
4584,1
4585,4
4586,1
4587,4
4588,1
4589,4
4590,1
4591,1
4592,4
4593,1
4594,2
4595,1
4596,1
4597,0
4598,1
4599,4
4600,1
4601,1
4602,1
4603,3
4604,1
4605,3
4606,1
4607,4
4608,1
4609,1
4610,3
4611,3
4612,1
4613,2
4614,1
4615,3
4616,1
4617,4
4618,1
4619,4
4620,1
4621,4
4622,3
4623,4
4624,3
4625,1
4626,1
4627,4
4628,1
4629,4
4630,1
4631,1
4632,1
4633,1
4634,1
4635,4
4636,1
4637,0
4638,3
4639,1
4640,1
4641,2
4642,4
4643,1
4644,4
4645,3
4646,1
4647,4
4648,1
4649,1
4650,4
4651,4
4652,0
4653,3
4654,1
4655,3
4656,4
4657,1
4658,1
4659,3
4660,3
4661,3
4662,0
4663,4
4664,1
4665,3
4666,4
4667,4
4668,3
4669,3
4670,1
4671,4
4672,4
4673,1
4674,1
4675,0
4676,4
4677,1
4678,1
4679,4
4680,1
4681,1
4682,3
4683,1
4684,0
4685,4
4686,3
4687,1
4688,1
4689,3
4690,0
4691,1
4692,1
4693,4
4694,4
4695,4
4696,1
4697,3
4698,3
4699,3
4700,1
4701,3
4702,4
4703,1
4704,4
4705,3
4706,0
4707,4
4708,0
4709,1
4710,4
4711,0
4712,1
4713,1
4714,3
4715,2
4716,4
4717,1
4718,4
4719,0
4720,1
4721,0
4722,1
4723,1
4724,4
4725,1
4726,1
4727,4
4728,1
4729,1
4730,4
4731,1
4732,1
4733,4
4734,0
4735,1
4736,1
4737,4
4738,0
4739,1
4740,4
4741,4
4742,1
4743,4
4744,1
4745,3
4746,3
4747,1
4748,1
4749,1
4750,2
4751,3
4752,0
4753,4
4754,4
4755,4
4756,1
4757,1
4758,1
4759,1
4760,1
4761,1
4762,3
4763,0
4764,1
4765,4
4766,1
4767,1
4768,0
4769,3
4770,1
4771,4
4772,0
4773,4
4774,1
4775,0
4776,3
4777,1
4778,3
4779,4
4780,1
4781,4
4782,3
4783,4
4784,2
4785,4
4786,3
4787,4
4788,3
4789,1
4790,1
4791,4
4792,4
4793,3
4794,1
4795,3
4796,3
4797,1
4798,2
4799,1
4801,4
4802,3
4803,1
4804,1
4805,4
4806,1
4807,1
4808,1
4809,4
4810,1
4811,2
4812,1
4813,3
4814,1
4815,2
4816,1
4817,1
4818,3
4819,1
4820,4
4821,0
4822,1
4823,4
4824,4
4825,4
4826,2
4827,4
4828,1
4829,4
4830,1
4831,3
4832,4
4833,3
4834,1
4835,3
4836,4
4837,3
4838,1
4839,0
4840,2
4841,1
4842,1
4843,4
4844,1
4845,4
4846,4
4847,4
4848,1
4849,3
4850,3
4851,4
4852,3
4853,4
4854,3
4855,4
4856,1
4857,2
4858,1
4859,4
4860,1
4861,2
4862,3
4863,3
4864,1
4865,3
4866,1
4867,4
4868,4
4869,3
4870,1
4871,0
4872,1
4873,1
4874,4
4875,3
4876,3
4877,4
4878,1
4879,1
4880,4
4881,1
4882,1
4883,0
4884,4
4885,4
4886,1
4887,4
4888,1
4889,1
4890,1
4891,4
4892,4
4893,2
4894,3
4895,4
4896,0
4897,4
4898,1
4899,0
4900,3
4901,4
4902,2
4903,4
4904,1
4905,1
4906,4
4907,3
4908,4
4909,1
4910,1
4911,1
4912,4
4913,3
4914,1
4915,3
4916,1
4917,4
4918,4
4919,4
4920,0
4921,4
4922,3
4923,4
4924,2
4925,3
4926,3
4927,1
4928,4
4929,4
4930,4
4931,1
4932,4
4933,1
4934,0
4935,4
4936,0
4937,4
4938,3
4939,4
4940,1
4941,0
4942,0
4943,4
4944,0
4945,3
4946,4
4947,1
4948,1
4949,4
4950,3
4951,4
4952,3
4953,3
4954,3
4955,4
4956,1
4957,4
4958,1
4959,1
4960,1
4961,4
4962,4
4963,4
4964,1
4965,1
4966,4
4967,1
4968,2
4969,3
4970,1
4971,0
4972,0
4973,0
4974,4
4975,1
4976,4
4977,3
4978,2
4979,0
4980,1
4981,4
4982,4
4983,4
4984,4
4985,2
4986,0
4987,3
4988,2
4989,4
4990,1
4991,4
4992,4
4993,3
4994,3
4995,0
4996,1
4997,1
4998,1
4999,4
5000,3
5001,0
5002,1
5003,1
5004,4
5005,3
5006,3
5007,1
5008,0
5009,1
5010,1
5011,0
5012,1
5013,3
5014,2
5015,1
5016,4
5017,4
5018,4
5019,3
5020,4
5021,0
5022,1
5023,1
5024,4
5025,1
5026,3
5027,1
5028,1
5029,1
5030,1
5031,1
5032,1
5033,1
5034,4
5035,1
5036,1
5037,3
5038,3
5039,4
5040,4
5041,4
5042,0
5043,1
5044,4
5045,2
5046,1
5047,4
5048,0
5049,1
5050,1
5051,0
5052,1
5053,2
5054,3
5055,1
5056,1
5057,3
5058,3
5059,0
5060,0
5061,1
5062,4
5063,1
5064,1
5065,3
5066,2
5067,4
5068,1
5069,3
5070,1
5071,4
5072,3
5073,0
5074,1
5075,1
5076,0
5077,1
5078,1
5079,0
5080,1
5081,0
5082,4
5083,1
5084,4
5085,0
5086,2
5087,1
5088,1
5089,4
5090,1
5091,4
5092,4
5093,1
5094,1
5095,1
5096,1
5097,4
5098,1
5099,2
5100,4
5101,4
5102,3
5103,1
5104,2
5105,4
5106,0
5107,0
5108,4
5109,4
5110,1
5111,3
5112,0
5113,4
5114,4
5115,1
5116,3
5117,3
5118,1
5119,1
5120,2
5121,0
5122,1
5123,4
5124,1
5125,0
5126,1
5127,2
5128,1
5129,4
5130,1
5131,4
5132,4
5133,1
5134,1
5135,4
5136,0
5137,4
5138,1
5139,4
5140,4
5141,3
5142,0
5143,3
5144,4
5145,4
5146,2
5147,1
5148,4
5149,3
5150,3
5151,4
5152,4
5153,3
5154,1
5155,2
5156,1
5157,1
5158,1
5159,1
5160,1
5161,4
5162,4
5163,3
5164,1
5165,1
5166,2
5167,1
5168,3
5169,4
5170,4
5171,4
5172,4
5173,1
5174,1
5175,4
5176,1
5177,4
5178,4
5179,3
5180,4
5181,3
5182,1
5183,4
5184,1
5185,1
5186,1
5187,4
5188,1
5189,4
5190,1
5191,1
5192,1
5193,0
5194,4
5195,1
5196,1
5197,1
5198,1
5199,1
5200,1
5201,4
5202,4
5203,4
5204,4
5205,0
5206,4
5207,1
5208,1
5209,1
5210,3
5211,4
5212,4
5213,4
5214,4
5215,4
5216,0
5217,3
5218,1
5219,1
5220,1
5221,0
5222,4
5223,1
5224,1
5225,0
5226,1
5227,0
5228,1
5229,1
5230,3
5231,1
5232,0
5233,1
5234,3
5235,1
5236,1
5237,4
5238,4
5239,0
5240,3
5241,0
5242,1
5243,1
5244,4
5245,1
5246,4
5247,4
5248,1
5249,3
5250,1
5251,1
5252,3
5253,0
5254,3
5255,4
5256,3
5257,1
5258,0
5259,1
5260,1
5261,1
5262,4
5263,4
5264,1
5265,4
5266,1
5267,3
5268,0
5269,3
5270,3
5271,2
5272,4
5273,4
5274,1
5275,1
5276,1
5277,4
5278,4
5279,1
5280,0
5281,1
5282,1
5283,4
5284,4
5285,1
5286,3
5287,0
5288,4
5289,4
5290,3
5291,4
5292,2
5293,1
5294,4
5295,1
5296,1
5297,1
5298,1
5299,0
5300,2
5301,1
5302,1
5303,3
5304,4
5305,3
5306,1
5307,2
5308,3
5309,3
5310,4
5311,1
5312,1
5313,1
5314,0
5315,4
5316,4
5317,1
5318,1
5319,1
5320,0
5321,0
5322,4
5323,1
5324,0
5325,1
5326,4
5327,4
5328,1
5329,4
5330,4
5331,1
5332,1
5333,1
5334,1
5335,4
5336,3
5337,1
5338,4
5339,1
5340,0
5341,4
5342,1
5343,3
5344,4
5345,4
5346,0
5347,0
5348,4
5349,1
5350,1
5351,1
5352,1
5353,3
5354,4
5355,1
5356,0
5357,1
5358,1
5359,4
5360,0
5361,3
5362,3
5363,3
5364,1
5365,4
5366,4
5367,1
5368,0
5369,4
5370,3
5371,1
5372,0
5373,4
5374,4
5375,1
5376,4
5377,1
5378,1
5379,1
5380,1
5381,1
5382,1
5383,1
5384,4
5385,3
5386,4
5387,3
5388,4
5389,4
5390,4
5391,2
5392,0
5393,0
5394,4
5395,1
5396,1
5397,4
5398,1
5399,1
5400,1
5401,3
5402,4
5403,4
5404,4
5405,1
5406,1
5407,1
5408,4
5409,1
5410,4
5411,3
5412,1
5413,4
5414,4
5415,1
5416,1
5417,4
5418,3
5419,3
5420,1
5421,1
5422,4
5423,1
5424,1
5425,1
5426,4
5427,1
5428,1
5429,4
5430,1
5431,3
5432,0
5433,4
5434,1
5435,1
5436,1
5437,1
5438,4
5439,1
5440,2
5441,4
5442,1
5443,4
5444,1
5445,4
5446,1
5447,1
5448,1
5449,1
5450,1
5451,3
5452,4
5453,3
5454,4
5455,1
5456,1
5457,4
5458,0
5459,3
5460,1
5461,1
5462,1
5463,2
5464,4
5465,3
5466,1
5467,1
5468,1
5469,1
5470,4
5471,4
5472,3
5473,4
5474,3
5475,1
5476,3
5477,3
5478,1
5479,2
5480,1
5481,3
5482,4
5483,4
5484,1
5485,1
5486,0
5487,1
5488,4
5489,1
5490,2
5491,1
5492,1
5493,4
5494,1
5495,4
5496,0
5497,2
5498,1
5499,3
5500,1
5501,3
5502,2
5503,4
5504,1
5505,4
5506,4
5507,3
5508,1
5509,1
5510,1
5511,0
5512,4
5513,1
5514,2
5515,2
5516,0
5517,3
5518,1
5519,1
5520,1
5521,3
5522,4
5523,3
5524,4
5525,4
5526,1
5527,1
5528,4
5529,4
5530,3
5531,4
5532,0
5533,4
5534,4
5535,4
5536,0
5537,3
5538,4
5539,1
5540,2
5541,3
5542,4
5543,1
5544,2
5545,1
5546,3
5547,1
5548,1
5549,4
5550,1
5551,1
5552,0
5553,3
5554,1
5555,4
5556,4
5557,3
5558,4
5559,1
5560,0
5561,1
5562,3
5563,0
5564,1
5565,1
5566,0
5567,1
